{
  "log7-10-2022": [
    {
      "id": "l8ys94s9oi3y0ttz5ul",
      "Status": "git update complete",
      "TimePushed": "10/7/2022, 8:50:10 PM"
    },
    {
      "id": "l8yslwiglokfqn5swbq",
      "Status": "git update complete",
      "TimePushed": "10/7/2022, 9:00:05 PM"
    },
    {
      "id": "l8ysyrc9d2kjxmwxlb",
      "Status": "git update complete",
      "TimePushed": "10/7/2022, 9:10:05 PM"
    },
    {
      "id": "l8ytblm4v7gqfiobyi",
      "Status": "git update complete",
      "TimePushed": "10/7/2022, 9:20:04 PM"
    },
    {
      "id": "l8ytog5v4voospjx7la",
      "Status": "git update complete",
      "TimePushed": "10/7/2022, 9:30:04 PM"
    },
    {
      "id": "l8yu1ctu6mft8d5tu62",
      "Status": "git update complete",
      "TimePushed": "10/7/2022, 9:40:06 PM"
    }
  ]
}