{
  "log7-10-2022": [
    {
      "id": "l8ys94s9oi3y0ttz5ul",
      "Status": "git update complete",
      "TimePushed": "10/7/2022, 8:50:10 PM"
    },
    {
      "id": "l8yslwiglokfqn5swbq",
      "Status": "git update complete",
      "TimePushed": "10/7/2022, 9:00:05 PM"
    },
    {
      "id": "l8ysyrc9d2kjxmwxlb",
      "Status": "git update complete",
      "TimePushed": "10/7/2022, 9:10:05 PM"
    },
    {
      "id": "l8ytblm4v7gqfiobyi",
      "Status": "git update complete",
      "TimePushed": "10/7/2022, 9:20:04 PM"
    },
    {
      "id": "l8ytog5v4voospjx7la",
      "Status": "git update complete",
      "TimePushed": "10/7/2022, 9:30:04 PM"
    },
    {
      "id": "l8yu1ctu6mft8d5tu62",
      "Status": "git update complete",
      "TimePushed": "10/7/2022, 9:40:06 PM"
    },
    {
      "id": "l8yue7obkctk63d7qo",
      "Status": "git update complete",
      "TimePushed": "10/7/2022, 9:50:06 PM"
    },
    {
      "id": "l8yur245z6bmieiuptm",
      "Status": "git update complete",
      "TimePushed": "10/7/2022, 10:00:05 PM"
    },
    {
      "id": "l8yv3w6bzwb513c7k1p",
      "Status": "git update complete",
      "TimePushed": "10/7/2022, 10:10:04 PM"
    },
    {
      "id": "l8yvgtnk9fiqqz0qtyb",
      "Status": "git update complete",
      "TimePushed": "10/7/2022, 10:20:07 PM"
    },
    {
      "id": "l8yvtml6iyreoobfgse",
      "Status": "git update complete",
      "TimePushed": "10/7/2022, 10:30:05 PM"
    },
    {
      "id": "l8yw6hcau1wxsoq7t6",
      "Status": "git update complete",
      "TimePushed": "10/7/2022, 10:40:04 PM"
    },
    {
      "id": "l8ywjcc7vafhp35joo",
      "Status": "git update complete",
      "TimePushed": "10/7/2022, 10:50:04 PM"
    },
    {
      "id": "l8yww7ehsh1c52hcsl",
      "Status": "git update complete",
      "TimePushed": "10/7/2022, 11:00:04 PM"
    },
    {
      "id": "l8yx923ot1m7z3x9q2q",
      "Status": "git update complete",
      "TimePushed": "10/7/2022, 11:10:04 PM"
    },
    {
      "id": "l8yxlxk8fei79gd84rs",
      "Status": "git update complete",
      "TimePushed": "10/7/2022, 11:20:05 PM"
    },
    {
      "id": "l8yxyrphrv29bxj9spa",
      "Status": "git update complete",
      "TimePushed": "10/7/2022, 11:30:04 PM"
    },
    {
      "id": "l8yyoi8ajjb4y5goqdo",
      "Status": "git update complete",
      "TimePushed": "10/7/2022, 11:50:05 PM"
    }
  ],
  "log8-10-2022": [
    {
      "id": "l8yz1dfnzpgglqhlrk",
      "Status": "git update complete",
      "TimePushed": "10/8/2022, 12:00:05 AM"
    },
    {
      "id": "l8yze80zc8pr1u1svku",
      "Status": "git update complete",
      "TimePushed": "10/8/2022, 12:10:04 AM"
    },
    {
      "id": "l8yzr2v82668riinbh5",
      "Status": "git update complete",
      "TimePushed": "10/8/2022, 12:20:04 AM"
    },
    {
      "id": "l8z03xjcilphdgkrn6",
      "Status": "git update complete",
      "TimePushed": "10/8/2022, 12:30:04 AM"
    },
    {
      "id": "l8z0gtr7xoun9btt17p",
      "Status": "git update complete",
      "TimePushed": "10/8/2022, 12:40:05 AM"
    },
    {
      "id": "l8z0tmt5e2xai43wo6b",
      "Status": "git update complete",
      "TimePushed": "10/8/2022, 12:50:03 AM"
    },
    {
      "id": "l8ztejqhy7euh9i9ox",
      "Status": "git update complete",
      "TimePushed": "10/8/2022, 2:10:08 PM"
    },
    {
      "id": "l8ztrc123jtxnylypzo",
      "Status": "git update complete",
      "TimePushed": "10/8/2022, 2:20:05 PM"
    },
    {
      "id": "l8zu46icwkcw30eevb",
      "Status": "git update complete",
      "TimePushed": "10/8/2022, 2:30:04 PM"
    },
    {
      "id": "l8zuh1qx3ilang1vpca",
      "Status": "git update complete",
      "TimePushed": "10/8/2022, 2:40:04 PM"
    },
    {
      "id": "l8zuu0twgrlfey356kl",
      "Status": "git update complete",
      "TimePushed": "10/8/2022, 2:50:10 PM"
    },
    {
      "id": "l8zv6u92pv5qi4pey7n",
      "Status": "git update complete",
      "TimePushed": "10/8/2022, 3:00:08 PM"
    },
    {
      "id": "l8zvjodl6m5uyf47oj8",
      "Status": "git update complete",
      "TimePushed": "10/8/2022, 3:10:07 PM"
    },
    {
      "id": "l8zvwhk1end35rth0cc",
      "Status": "git update complete",
      "TimePushed": "10/8/2022, 3:20:04 PM"
    },
    {
      "id": "l8zw9dwmcj6nmyn6mx",
      "Status": "git update complete",
      "TimePushed": "10/8/2022, 3:30:06 PM"
    },
    {
      "id": "l8zwmb2e3f71j81mqos",
      "Status": "git update complete",
      "TimePushed": "10/8/2022, 3:40:09 PM"
    },
    {
      "id": "l8zwz308zmaa0y0bhm9",
      "Status": "git update complete",
      "TimePushed": "10/8/2022, 3:50:05 PM"
    },
    {
      "id": "l8zxbxfmne2l22qvkb",
      "Status": "git update complete",
      "TimePushed": "10/8/2022, 4:00:04 PM"
    },
    {
      "id": "l8zxos58lbbexs4evm",
      "Status": "git update complete",
      "TimePushed": "10/8/2022, 4:10:04 PM"
    },
    {
      "id": "l8zy1nn1g4lrjpfq8r",
      "Status": "git update complete",
      "TimePushed": "10/8/2022, 4:20:05 PM"
    },
    {
      "id": "l8zyeic0m2xtpfu7mmf",
      "Status": "git update complete",
      "TimePushed": "10/8/2022, 4:30:04 PM"
    },
    {
      "id": "l8zyrc8951r5akv5ush",
      "Status": "git update complete",
      "TimePushed": "10/8/2022, 4:40:03 PM"
    },
    {
      "id": "l8zz48i8iso8e8sinzc",
      "Status": "git update complete",
      "TimePushed": "10/8/2022, 4:50:05 PM"
    },
    {
      "id": "l8zztyz3sgtw3udr6d",
      "Status": "git update complete",
      "TimePushed": "10/8/2022, 5:10:05 PM"
    },
    {
      "id": "l9006uxdeyb79cdai",
      "Status": "git update complete",
      "TimePushed": "10/8/2022, 5:20:07 PM"
    },
    {
      "id": "l900job43p5ylv2pc59",
      "Status": "git update complete",
      "TimePushed": "10/8/2022, 5:30:05 PM"
    },
    {
      "id": "l900wj9q4mnn3j2c4ra",
      "Status": "git update complete",
      "TimePushed": "10/8/2022, 5:40:05 PM"
    },
    {
      "id": "l9019d38otdpqk5zdie",
      "Status": "git update complete",
      "TimePushed": "10/8/2022, 5:50:03 PM"
    },
    {
      "id": "l901m7p8bm7jiwww82h",
      "Status": "git update complete",
      "TimePushed": "10/8/2022, 6:00:03 PM"
    },
    {
      "id": "l901z38hc2xug2gb8zh",
      "Status": "git update complete",
      "TimePushed": "10/8/2022, 6:10:03 PM"
    },
    {
      "id": "l902bxvget6syhawpfu",
      "Status": "git update complete",
      "TimePushed": "10/8/2022, 6:20:03 PM"
    },
    {
      "id": "l902ot776nhhijhf5u4",
      "Status": "git update complete",
      "TimePushed": "10/8/2022, 6:30:03 PM"
    },
    {
      "id": "l9031o7nv15itazejzg",
      "Status": "git update complete",
      "TimePushed": "10/8/2022, 6:40:03 PM"
    },
    {
      "id": "l903ejixvmymsvu7jsf",
      "Status": "git update complete",
      "TimePushed": "10/8/2022, 6:50:04 PM"
    },
    {
      "id": "l903re2np1yal408f0e",
      "Status": "git update complete",
      "TimePushed": "10/8/2022, 7:00:03 PM"
    },
    {
      "id": "l904498tum6w4rsqqe",
      "Status": "git update complete",
      "TimePushed": "10/8/2022, 7:10:04 PM"
    },
    {
      "id": "l904h4c01lwplq50wwm",
      "Status": "git update complete",
      "TimePushed": "10/8/2022, 7:20:04 PM"
    },
    {
      "id": "l904tyg2sgadfomvtqi",
      "Status": "git update complete",
      "TimePushed": "10/8/2022, 7:30:03 PM"
    },
    {
      "id": "l9056tjicvlkzrrwzx",
      "Status": "git update complete",
      "TimePushed": "10/8/2022, 7:40:03 PM"
    },
    {
      "id": "l905jq4uv34ygmb958q",
      "Status": "git update complete",
      "TimePushed": "10/8/2022, 7:50:05 PM"
    },
    {
      "id": "l905wjtyuw22otnlkdj",
      "Status": "git update complete",
      "TimePushed": "10/8/2022, 8:00:03 PM"
    },
    {
      "id": "l9069exgyawsq9x8erp",
      "Status": "git update complete",
      "TimePushed": "10/8/2022, 8:10:03 PM"
    },
    {
      "id": "l906m9aw977sfj2vs96",
      "Status": "git update complete",
      "TimePushed": "10/8/2022, 8:20:03 PM"
    },
    {
      "id": "l906z49rmwt7o1nfz8m",
      "Status": "git update complete",
      "TimePushed": "10/8/2022, 8:30:03 PM"
    },
    {
      "id": "l907c0jcl1oji8psi7r",
      "Status": "git update complete",
      "TimePushed": "10/8/2022, 8:40:04 PM"
    },
    {
      "id": "l907ov43i56q7luycbi",
      "Status": "git update complete",
      "TimePushed": "10/8/2022, 8:50:04 PM"
    },
    {
      "id": "l90cowg88g2e8vw845d",
      "Status": "git update complete",
      "TimePushed": "10/8/2022, 11:10:04 PM"
    },
    {
      "id": "l90d1qmlwuhop577g3h",
      "Status": "git update complete",
      "TimePushed": "10/8/2022, 11:20:03 PM"
    },
    {
      "id": "l90delwu0e1cawl7s3tf",
      "Status": "git update complete",
      "TimePushed": "10/8/2022, 11:30:03 PM"
    },
    {
      "id": "l90drh1ueck3bhy3glk",
      "Status": "git update complete",
      "TimePushed": "10/8/2022, 11:40:03 PM"
    },
    {
      "id": "l90e4cxrt5n1yzv3i3e",
      "Status": "git update complete",
      "TimePushed": "10/8/2022, 11:50:05 PM"
    }
  ],
  "log9-10-2022": [
    {
      "id": "l91476550f8yre1a5d5",
      "Status": "git update complete",
      "TimePushed": "10/9/2022, 12:00:06 PM"
    },
    {
      "id": "l914jzoni40jspxnp6",
      "Status": "git update complete",
      "TimePushed": "10/9/2022, 12:10:04 PM"
    },
    {
      "id": "l914wur57gf730486b8",
      "Status": "git update complete",
      "TimePushed": "10/9/2022, 12:20:04 PM"
    },
    {
      "id": "l9159owasbcknb5bmzf",
      "Status": "git update complete",
      "TimePushed": "10/9/2022, 12:30:03 PM"
    },
    {
      "id": "l915ml2s4o57y4x0fnc",
      "Status": "git update complete",
      "TimePushed": "10/9/2022, 12:40:05 PM"
    },
    {
      "id": "l915zg3h6dog6xs65qf",
      "Status": "git update complete",
      "TimePushed": "10/9/2022, 12:50:05 PM"
    },
    {
      "id": "l916c9mn3malfjlmps6",
      "Status": "git update complete",
      "TimePushed": "10/9/2022, 1:00:03 PM"
    },
    {
      "id": "l916p4uxe886m327z5f",
      "Status": "git update complete",
      "TimePushed": "10/9/2022, 1:10:03 PM"
    },
    {
      "id": "l9171zg0c8q5zdy6lsi",
      "Status": "git update complete",
      "TimePushed": "10/9/2022, 1:20:03 PM"
    },
    {
      "id": "l917ev6ra2n0ypr1ote",
      "Status": "git update complete",
      "TimePushed": "10/9/2022, 1:30:04 PM"
    },
    {
      "id": "l917rpeli7giiiq70tn",
      "Status": "git update complete",
      "TimePushed": "10/9/2022, 1:40:03 PM"
    },
    {
      "id": "l9184l1qe272s6201xu",
      "Status": "git update complete",
      "TimePushed": "10/9/2022, 1:50:04 PM"
    },
    {
      "id": "l918hgikmq3nknzyjvn",
      "Status": "git update complete",
      "TimePushed": "10/9/2022, 2:00:04 PM"
    },
    {
      "id": "l918ubasz9rh7jdcylc",
      "Status": "git update complete",
      "TimePushed": "10/9/2022, 2:10:04 PM"
    }
  ]
}